{
    "dims": [1, 384],
    "type": "float32",
    "data": [
        -0.035676900297403336, 0.02067919448018074, 0.004704619292169809,
        0.026537032797932625, -0.05029105022549629, -0.16263702511787415,
        0.07464320957660675, -0.004593968857079744, -0.0392242968082428,
        0.014838811941444874, 0.07412069290876389, 0.05244540423154831,
        0.024248186498880386, -0.0355895459651947, -0.01704428158700466,
        -0.032389670610427856, 0.01327565312385559, -0.027636192739009857,
        -0.14560452103614807, -0.029047636315226555, 0.0029109525494277477,
        0.05354895070195198, 0.0021155052818357944, 0.023001007735729218,
        -0.07671955227851868, -0.018206903710961342, 0.036103107035160065,
        0.04898757487535477, 0.0054113189689815044, -0.05354077368974686,
        0.04813114553689957, 0.019792072474956512, 0.12143835425376892,
        -0.029806246981024742, -0.0022303368896245956, 0.06927875429391861,
        -0.024674655869603157, -0.07868247479200363, -0.022389570251107216,
        0.04622144624590874, 0.04468970000743866, -0.07921043783426285,
        -0.0176420658826828, -0.026334717869758606, 0.011012181639671326,
        0.003921629395335913, 0.012964746914803982, 0.037536706775426865,
        0.07678192108869553, 0.005714388098567724, -0.04046017304062843,
        -0.061701755970716476, -0.010977390222251415, 0.012750825844705105,
        0.09151556342840195, 0.01741793192923069, 0.01895410753786564,
        -0.023597823455929756, -0.00165523961186409, -0.03548949956893921,
        -0.03456887602806091, 0.033128928393125534, -0.011946831829845905,
        0.016800440847873688, 0.10341189801692963, -0.08281534165143967,
        -0.02241182141005993, 0.02569510042667389, -0.05345121771097183,
        -0.07810984551906586, -0.06361131370067596, -0.010754967108368874,
        0.01007383968681097, 0.07209061831235886, -0.03441225737333298,
        0.009379268623888493, 0.01778976432979107, 0.022968705743551254,
        0.011541169136762619, 0.0380103774368763, 0.05795690044760704,
        -0.07044194638729095, 0.01849963515996933, 0.02845963090658188,
        0.014203060418367386, 0.02086000144481659, 0.005321622360497713,
        -0.008943027816712856, -0.050120383501052856, -0.014696399681270123,
        -0.11694052815437317, -0.02824294939637184, 0.048198800534009933,
        0.01857229880988598, -0.08611014485359192, -0.016483865678310394,
        0.10267853736877441, -0.03173527866601944, -0.13756610453128815,
        0.22513727843761444
    ],
    "size": 384
}